{
  "Queue": "arn:aws:mediaconvert:region:account_id:queues/Default",
  "UserMetadata": {},
  "Role": "arn:aws:iam::account_id:role/MediaConvert_Default_Role",
  "Settings": {
    "TimecodeConfig": {
      "Source": "ZEROBASED"
    },
    "OutputGroups": [
      {
        "Name": "File Group",
        "Outputs": [
          {
            "ContainerSettings": {
              "Container": "MP4",
              "Mp4Settings": {}
            },
            "VideoDescription": {
              "CodecSettings": {
                "Codec": "H_265",
                "H265Settings": {
                  "MaxBitrate": 5000000,
                  "RateControlMode": "QVBR",
                  "SceneChangeDetect": "TRANSITION_DETECTION"
                }
              }
            },
            "AudioDescriptions": [
              {
                "AudioSourceName": "Audio Selector 1",
                "CodecSettings": {
                  "Codec": "AAC",
                  "AacSettings": {
                    "Bitrate": 96000,
                    "CodingMode": "CODING_MODE_2_0",
                    "SampleRate": 48000
                  }
                }
              }
            ],
            "NameModifier": "-hd"
          },
          {
            "ContainerSettings": {
              "Container": "MP4",
              "Mp4Settings": {}
            },
            "VideoDescription": {
              "Width": 256,
              "Height": 144,
              "CodecSettings": {
                "Codec": "AV1",
                "Av1Settings": {
                  "RateControlMode": "QVBR",
                  "QvbrSettings": {},
                  "MaxBitrate": 100000
                }
              }
            },
            "AudioDescriptions": [
              {
                "CodecSettings": {
                  "Codec": "AAC",
                  "AacSettings": {
                    "Bitrate": 96000,
                    "CodingMode": "CODING_MODE_2_0",
                    "SampleRate": 48000
                  }
                }
              }
            ],
            "NameModifier": "-sd"
          }
        ],
        "OutputGroupSettings": {
          "Type": "FILE_GROUP_SETTINGS",
          "FileGroupSettings": {
            "Destination": "s3://destination_bucket/"
          }
        }
      }
    ],
    "Inputs": [
      {
        "AudioSelectors": {
          "Audio Selector 1": {
            "DefaultSelection": "DEFAULT"
          }
        },
        "VideoSelector": {},
        "TimecodeSource": "ZEROBASED",
        "FileInput": "s3://source_bucket/object.mp4"
      }
    ]
  },
  "AccelerationSettings": {
    "Mode": "DISABLED"
  },
  "StatusUpdateInterval": "SECONDS_60",
  "Priority": 0
}